День п/п;Дата;д.н.;Приход;Расход;На складе;Дней пр.;
1;12.01.2016;3;;;52;;
2;13.01.2016;4;;;52;;
3;14.01.2016;5;;;52;;
4;15.01.2016;6;;;52;;
5;16.01.2016;7;;;52;;
6;17.01.2016;1;;;52;;
7;18.01.2016;2;;;52;;
8;19.01.2016;3;;;52;;
9;20.01.2016;4;0;5;52;;
10;21.01.2016;5;;;47;;
11;22.01.2016;6;;;47;;
12;23.01.2016;7;;;47;;
13;24.01.2016;1;;;47;;
14;25.01.2016;2;;;47;;
15;26.01.2016;3;;;47;;
16;27.01.2016;4;;;47;;
17;28.01.2016;5;0;20;47;;
18;29.01.2016;6;;;27;;
19;30.01.2016;7;;;27;;
20;31.01.2016;1;;;27;;
21;01.02.2016;2;;;27;;
22;02.02.2016;3;0;15;27;;
23;03.02.2016;4;;;12;;
24;04.02.2016;5;;;12;;
25;05.02.2016;6;;;12;;
26;06.02.2016;7;;;12;;
27;07.02.2016;1;;;12;;
28;08.02.2016;2;;;12;;
29;09.02.2016;3;;;12;;
30;10.02.2016;4;;;12;;
31;11.02.2016;5;;;12;;
32;12.02.2016;6;;;12;;
33;13.02.2016;7;;;12;;
34;14.02.2016;1;;;12;;
35;15.02.2016;2;0;10;12;;
36;16.02.2016;3;;;2;;
37;17.02.2016;4;;;2;;
38;18.02.2016;5;;;2;;
39;19.02.2016;6;;;2;;
40;20.02.2016;7;;;2;;
41;21.02.2016;1;;;2;;
42;22.02.2016;2;;;2;;
43;23.02.2016;3;;;2;;
44;24.02.2016;4;;;2;;
45;25.02.2016;5;;;2;;
46;26.02.2016;6;;;2;;
47;27.02.2016;7;;;2;;
48;28.02.2016;1;;;2;;
49;29.02.2016;2;;;2;;
50;01.03.2016;3;200;0;2;;
51;02.03.2016;4;0;10;202;;
52;03.03.2016;5;0;5;192;;
53;04.03.2016;6;;;187;;
54;05.03.2016;7;;;187;;
55;06.03.2016;1;;;187;;
56;07.03.2016;2;;;187;;
57;08.03.2016;3;;;187;;
58;09.03.2016;4;;;187;;
59;10.03.2016;5;;;187;;
60;11.03.2016;6;0;50;187;;
61;12.03.2016;7;;;137;;
62;13.03.2016;1;;;137;;
63;14.03.2016;2;;;137;;
64;15.03.2016;3;;;137;;
65;16.03.2016;4;;;137;;
66;17.03.2016;5;;;137;;
67;18.03.2016;6;;;137;;
68;19.03.2016;7;;;137;;
69;20.03.2016;1;;;137;;
70;21.03.2016;2;;;137;;
71;22.03.2016;3;0;10;137;;
72;23.03.2016;4;;;127;;
73;24.03.2016;5;;;127;;
74;25.03.2016;6;;;127;;
75;26.03.2016;7;;;127;;
76;27.03.2016;1;;;127;;
77;28.03.2016;2;;;127;;
78;29.03.2016;3;;;127;;
79;30.03.2016;4;;;127;;
80;31.03.2016;5;;;127;;
81;01.04.2016;6;;;127;;
82;02.04.2016;7;;;127;;
83;03.04.2016;1;;;127;;
84;04.04.2016;2;;;127;;
85;05.04.2016;3;;;127;;
86;06.04.2016;4;;;127;;
87;07.04.2016;5;0;25;127;;
88;08.04.2016;6;;;102;;
89;09.04.2016;7;;;102;;
90;10.04.2016;1;;;102;;
91;11.04.2016;2;0;15;102;;
92;12.04.2016;3;;;87;;
93;13.04.2016;4;;;87;;
94;14.04.2016;5;;;87;;
95;15.04.2016;6;0;20;87;;
96;16.04.2016;7;;;67;;
97;17.04.2016;1;;;67;;
98;18.04.2016;2;0;5;67;;
99;19.04.2016;3;;;62;;
100;20.04.2016;4;;;62;;
101;21.04.2016;5;;;62;;
102;22.04.2016;6;0;10;62;;
103;23.04.2016;7;;;52;;
104;24.04.2016;1;;;52;;
105;25.04.2016;2;;;52;;
106;26.04.2016;3;;;52;;
107;27.04.2016;4;;;52;;
108;28.04.2016;5;;;52;;
109;29.04.2016;6;0;15;52;;
110;30.04.2016;7;;;37;;
111;01.05.2016;1;;;37;;
112;02.05.2016;2;;;37;;
113;03.05.2016;3;;;37;;
114;04.05.2016;4;;;37;;
115;05.05.2016;5;;;37;;
116;06.05.2016;6;;;37;;
117;07.05.2016;7;;;37;;
118;08.05.2016;1;;;37;;
119;09.05.2016;2;;;37;;
120;10.05.2016;3;;;37;;
121;11.05.2016;4;;;37;;
122;12.05.2016;5;;;37;;
123;13.05.2016;6;;;37;;
124;14.05.2016;7;;;37;;
125;15.05.2016;1;;;37;;
126;16.05.2016;2;0;5;37;;
127;17.05.2016;3;;;32;;
128;18.05.2016;4;;;32;;
129;19.05.2016;5;0;10;32;;
130;20.05.2016;6;;;22;;
131;21.05.2016;7;;;22;;
132;22.05.2016;1;;;22;;
133;23.05.2016;2;;;22;;
134;24.05.2016;3;;;22;;
135;25.05.2016;4;;;22;;
136;26.05.2016;5;;;22;;
137;27.05.2016;6;;;22;;
138;28.05.2016;7;;;22;;
139;29.05.2016;1;;;22;;
140;30.05.2016;2;;;22;;
141;31.05.2016;3;;;22;;
142;01.06.2016;4;150;5;22;;
143;02.06.2016;5;;;167;;
144;03.06.2016;6;;;167;;
145;04.06.2016;7;;;167;;
146;05.06.2016;1;;;167;;
147;06.06.2016;2;;;167;;
148;07.06.2016;3;0;105;167;;
149;08.06.2016;4;;;62;;
150;09.06.2016;5;;;62;;
151;10.06.2016;6;;;62;;
152;11.06.2016;7;;;62;;
153;12.06.2016;1;;;62;;
154;13.06.2016;2;;;62;;
155;14.06.2016;3;;;62;;
156;15.06.2016;4;;;62;;
157;16.06.2016;5;;;62;;
158;17.06.2016;6;;;62;;
159;18.06.2016;7;;;62;;
160;19.06.2016;1;;;62;;
161;20.06.2016;2;;;62;;
162;21.06.2016;3;;;62;;
163;22.06.2016;4;;;62;;
164;23.06.2016;5;;;62;;
165;24.06.2016;6;200;0;62;;
166;25.06.2016;7;;;262;;
167;26.06.2016;1;;;262;;
168;27.06.2016;2;;;262;;
169;28.06.2016;3;;;262;;
170;29.06.2016;4;;;262;;
171;30.06.2016;5;;;262;;
172;01.07.2016;6;;;262;;
173;02.07.2016;7;;;262;;
174;03.07.2016;1;;;262;;
175;04.07.2016;2;;;262;;
176;05.07.2016;3;;;262;;
177;06.07.2016;4;0;45;262;;
178;07.07.2016;5;;;217;;
179;08.07.2016;6;0;5;217;;
180;09.07.2016;7;;;212;;
181;10.07.2016;1;;;212;;
182;11.07.2016;2;0;5;212;;
183;12.07.2016;3;;;207;;
184;13.07.2016;4;0;15;207;;
185;14.07.2016;5;;;192;;
186;15.07.2016;6;0;5;192;;
187;16.07.2016;7;;;187;;
188;17.07.2016;1;;;187;;
189;18.07.2016;2;;;187;;
190;19.07.2016;3;;;187;;
191;20.07.2016;4;;;187;;
192;21.07.2016;5;;;187;;
193;22.07.2016;6;;;187;;
194;23.07.2016;7;;;187;;
195;24.07.2016;1;;;187;;
196;25.07.2016;2;;;187;;
197;26.07.2016;3;;;187;;
198;27.07.2016;4;;;187;;
199;28.07.2016;5;;;187;;
200;29.07.2016;6;;;187;;
201;30.07.2016;7;;;187;;
202;31.07.2016;1;;;187;;
203;01.08.2016;2;;;187;;
204;02.08.2016;3;;;187;;
205;03.08.2016;4;;;187;;
206;04.08.2016;5;0;5;187;;
207;05.08.2016;6;;;182;;
208;06.08.2016;7;;;182;;
209;07.08.2016;1;;;182;;
210;08.08.2016;2;;;182;;
211;09.08.2016;3;;;182;;
212;10.08.2016;4;;;182;;
213;11.08.2016;5;;;182;;
214;12.08.2016;6;0;40;182;;
215;13.08.2016;7;;;142;;
216;14.08.2016;1;;;142;;
217;15.08.2016;2;0;45;142;;
218;16.08.2016;3;;;97;;
219;17.08.2016;4;0;5;97;;
220;18.08.2016;5;;;92;;
221;19.08.2016;6;100;0;92;;
222;20.08.2016;7;;;192;;
223;21.08.2016;1;;;192;;
224;22.08.2016;2;0;5;192;;
225;23.08.2016;3;0;30;187;;
226;24.08.2016;4;;;157;;
227;25.08.2016;5;;;157;;
228;26.08.2016;6;;;157;;
229;27.08.2016;7;;;157;;
230;28.08.2016;1;;;157;;
231;29.08.2016;2;;;157;;
232;30.08.2016;3;0;20;157;;
233;31.08.2016;4;0;50;137;;
234;01.09.2016;5;0;5;87;;
235;02.09.2016;6;;;82;;
236;03.09.2016;7;;;82;;
237;04.09.2016;1;;;82;;
238;05.09.2016;2;;;82;;
239;06.09.2016;3;;;82;;
240;07.09.2016;4;0;45;82;;
241;08.09.2016;5;;;37;;
242;09.09.2016;6;200;20;37;;
243;10.09.2016;7;;;217;;
244;11.09.2016;1;;;217;;
245;12.09.2016;2;0;10;217;;
246;13.09.2016;3;0;40;207;;
247;14.09.2016;4;;;167;;
248;15.09.2016;5;;;167;;
249;16.09.2016;6;;;167;;
250;17.09.2016;7;;;167;;
251;18.09.2016;1;;;167;;
252;19.09.2016;2;;;167;;
253;20.09.2016;3;0;5;167;;
254;21.09.2016;4;;;162;;
255;22.09.2016;5;;;162;;
256;23.09.2016;6;;;162;;
257;24.09.2016;7;;;162;;
258;25.09.2016;1;;;162;;
259;26.09.2016;2;;;162;;
260;27.09.2016;3;;;162;;
261;28.09.2016;4;;;162;;
262;29.09.2016;5;;;162;;
263;30.09.2016;6;;;162;;
264;01.10.2016;7;;;162;;
265;02.10.2016;1;;;162;;
266;03.10.2016;2;0;40;162;;
267;04.10.2016;3;;;122;;
268;05.10.2016;4;0;5;122;;
269;06.10.2016;5;0;50;117;;
270;07.10.2016;6;0;50;67;;
271;08.10.2016;7;;;17;;
272;09.10.2016;1;;;17;;
273;10.10.2016;2;;;17;;
274;11.10.2016;3;;;17;;
275;12.10.2016;4;;;17;;
276;13.10.2016;5;;;17;;
277;14.10.2016;6;250;0;17;;
278;15.10.2016;7;;;267;;
279;16.10.2016;1;;;267;;
280;17.10.2016;2;;;267;;
281;18.10.2016;3;;;267;;
282;19.10.2016;4;0;70;267;;
283;20.10.2016;5;;;197;;
284;21.10.2016;6;0;35;197;;
285;22.10.2016;7;;;162;;
286;23.10.2016;1;;;162;;
287;24.10.2016;2;;;162;;
288;25.10.2016;3;;;162;;
289;26.10.2016;4;0;20;162;;
290;27.10.2016;5;;;142;;
291;28.10.2016;6;;;142;;
292;29.10.2016;7;;;142;;
293;30.10.2016;1;;;142;;
294;31.10.2016;2;0;10;142;;
295;01.11.2016;3;0;25;132;;
296;02.11.2016;4;0;20;107;;
297;03.11.2016;5;;;87;;
298;04.11.2016;6;;;87;;
299;05.11.2016;7;;;87;;
300;06.11.2016;1;;;87;;
301;07.11.2016;2;;;87;;
302;08.11.2016;3;;;87;;
303;09.11.2016;4;0;20;87;;
304;10.11.2016;5;;;67;;
305;11.11.2016;6;;;67;;
306;12.11.2016;7;;;67;;
307;13.11.2016;1;;;67;;
308;14.11.2016;2;0;40;67;;
309;15.11.2016;3;300;90;27;;
310;16.11.2016;4;20;70;237;;
311;17.11.2016;5;0;55;187;;
312;18.11.2016;6;;;132;;
313;19.11.2016;7;;;132;;
314;20.11.2016;1;;;132;;
315;21.11.2016;2;0;5;132;;
316;22.11.2016;3;;;127;;
317;23.11.2016;4;0;20;127;;
318;24.11.2016;5;;;107;;
319;25.11.2016;6;0;70;107;;
320;26.11.2016;7;;;37;;
321;27.11.2016;1;;;37;;
322;28.11.2016;2;;;37;;
323;29.11.2016;3;;;37;;
324;30.11.2016;4;;;37;;
325;01.12.2016;5;;;37;;
326;02.12.2016;6;;;37;;
327;03.12.2016;7;;;37;;
328;04.12.2016;1;;;37;;
329;05.12.2016;2;;;37;;
330;06.12.2016;3;;;37;;
331;07.12.2016;4;;;37;;
332;08.12.2016;5;3700;0;37;;
333;09.12.2016;6;0;3020;3737;;
334;10.12.2016;7;;;717;;
335;11.12.2016;1;;;717;;
336;12.12.2016;2;;;717;;
337;13.12.2016;3;0;230;717;;
338;14.12.2016;4;0;55;487;;
339;15.12.2016;5;0;170;432;;
340;16.12.2016;6;0;85;262;;
341;17.12.2016;7;;;177;;
342;18.12.2016;1;;;177;;
343;19.12.2016;2;;;177;;
344;20.12.2016;3;0;30;177;;
345;21.12.2016;4;;;147;;
346;22.12.2016;5;0;25;147;;
347;23.12.2016;6;;;122;;
348;24.12.2016;7;;;122;;
349;25.12.2016;1;;;122;;
350;26.12.2016;2;0;25;122;;
351;27.12.2016;3;0;10;97;;
352;28.12.2016;4;0;5;87;;
353;29.12.2016;5;;;82;;
354;30.12.2016;6;;;82;;
355;31.12.2016;7;;;82;;
356;01.01.2017;1;;;82;;
357;02.01.2017;2;;;82;;
358;03.01.2017;3;;;82;;
359;04.01.2017;4;;;82;;
360;05.01.2017;5;;;82;;
361;06.01.2017;6;;;82;;
362;07.01.2017;7;;;82;;
363;08.01.2017;1;;;82;;
364;09.01.2017;2;0;30;82;;
365;10.01.2017;3;;;52;;
366;11.01.2017;4;;;52;;
367;12.01.2017;5;;;52;;
368;13.01.2017;6;;;52;;
369;14.01.2017;7;;;52;;
370;15.01.2017;1;;;52;;
371;16.01.2017;2;;;52;;
372;17.01.2017;3;;;52;;
373;18.01.2017;4;;;52;;
374;19.01.2017;5;;;52;;
375;20.01.2017;6;;;52;;
376;21.01.2017;7;;;52;;
377;22.01.2017;1;;;52;;
378;23.01.2017;2;300;0;52;;
379;24.01.2017;3;0;180;352;;
380;25.01.2017;4;;;172;;
381;26.01.2017;5;0;55;172;;
382;27.01.2017;6;;;117;;
383;28.01.2017;7;;;117;;
384;29.01.2017;1;;;117;;
385;30.01.2017;2;;;117;;
386;31.01.2017;3;1500;60;117;;
387;01.02.2017;4;0;90;1557;;
388;02.02.2017;5;;;1467;;
389;03.02.2017;6;0;10;1467;;
390;04.02.2017;7;;;1457;;
391;05.02.2017;1;;;1457;;
392;06.02.2017;2;0;20;1457;;
393;07.02.2017;3;;;1437;;
394;08.02.2017;4;0;90;1437;;
395;09.02.2017;5;0;45;1347;;
396;10.02.2017;6;0;290;1302;;
397;11.02.2017;7;;;1012;;
398;12.02.2017;1;;;1012;;
399;13.02.2017;2;0;5;1012;;
400;14.02.2017;3;0;15;1007;;
401;15.02.2017;4;;;992;;
402;16.02.2017;5;0;150;992;;
403;17.02.2017;6;0;20;842;;
404;18.02.2017;7;;;822;;
405;19.02.2017;1;;;822;;
406;20.02.2017;2;0;50;822;;
407;21.02.2017;3;0;10;772;;
408;22.02.2017;4;0;10;762;;
409;23.02.2017;5;;;752;;
410;24.02.2017;6;;;752;;
411;25.02.2017;7;;;752;;
412;26.02.2017;1;;;752;;
413;27.02.2017;2;;;752;;
414;28.02.2017;3;;;752;;
415;01.03.2017;4;;;752;;
416;02.03.2017;5;0;20;752;;
417;03.03.2017;6;;;732;;
418;04.03.2017;7;;;732;;
419;05.03.2017;1;;;732;;
420;06.03.2017;2;;;732;;
421;07.03.2017;3;;;732;;
422;08.03.2017;4;;;732;;
423;09.03.2017;5;;;732;;
424;10.03.2017;6;0;90;732;;
425;11.03.2017;7;;;642;;
426;12.03.2017;1;;;642;;
427;13.03.2017;2;0;40;642;;
428;14.03.2017;3;0;130;602;;
429;15.03.2017;4;0;100;472;;
430;16.03.2017;5;0;235;372;;
431;17.03.2017;6;0;25;137;;
432;18.03.2017;7;;;112;;
433;19.03.2017;1;;;112;;
434;20.03.2017;2;0;35;112;;
435;21.03.2017;3;0;5;77;;
436;22.03.2017;4;1250;0;72;;
437;23.03.2017;5;;;1322;;
438;24.03.2017;6;0;5;1322;;
439;25.03.2017;7;;;1317;;
440;26.03.2017;1;;;1317;;
441;27.03.2017;2;;;1317;;
442;28.03.2017;3;;;1317;;
443;29.03.2017;4;0;50;1317;;
444;30.03.2017;5;;;1267;;
445;31.03.2017;6;;;1267;;
446;01.04.2017;7;;;1267;;
447;02.04.2017;1;;;1267;;
448;03.04.2017;2;;;1267;;
449;04.04.2017;3;0;25;1267;;
450;05.04.2017;4;;;1242;;
451;06.04.2017;5;0;70;1242;;
452;07.04.2017;6;0;50;1172;;
453;08.04.2017;7;;;1122;;
454;09.04.2017;1;;;1122;;
455;10.04.2017;2;;;1122;;
456;11.04.2017;3;;;1122;;
457;12.04.2017;4;;;1122;;
458;13.04.2017;5;0;10;1122;;
459;14.04.2017;6;0;5;1112;;
460;15.04.2017;7;;;1107;;
461;16.04.2017;1;;;1107;;
462;17.04.2017;2;0;5;1107;;
463;18.04.2017;3;;;1102;;
464;19.04.2017;4;0;90;1102;;
465;20.04.2017;5;1500;5;1012;;
466;21.04.2017;6;0;5;2507;;
467;22.04.2017;7;;;2502;;
468;23.04.2017;1;;;2502;;
469;24.04.2017;2;0;25;2502;;
470;25.04.2017;3;0;90;2477;;
471;26.04.2017;4;0;25;2387;;
472;27.04.2017;5;0;20;2362;;
473;28.04.2017;6;;;2342;;
474;29.04.2017;7;;;2342;;
475;30.04.2017;1;;;2342;;
476;01.05.2017;2;;;2342;;
477;02.05.2017;3;;;2342;;
478;03.05.2017;4;;;2342;;
479;04.05.2017;5;0;5;2342;;
480;05.05.2017;6;0;150;2337;;
481;06.05.2017;7;;;2187;;
482;07.05.2017;1;;;2187;;
483;08.05.2017;2;;;2187;;
484;09.05.2017;3;;;2187;;
485;10.05.2017;4;0;50;2187;;
486;11.05.2017;5;0;50;2137;;
487;12.05.2017;6;0;17;2087;;
488;13.05.2017;7;;;2070;;
489;14.05.2017;1;;;2070;;
490;15.05.2017;2;;;2070;;
491;16.05.2017;3;0;20;2070;;
492;17.05.2017;4;0;45;2050;;
493;18.05.2017;5;;;2005;;
494;19.05.2017;6;0;30;2005;;
495;20.05.2017;7;;;1975;;
496;21.05.2017;1;;;1975;;
497;22.05.2017;2;0;10;1975;;
498;23.05.2017;3;0;145;1965;;
499;24.05.2017;4;;;1820;;
500;25.05.2017;5;;;1820;;
501;26.05.2017;6;;;1820;;
502;27.05.2017;7;;;1820;;
503;28.05.2017;1;;;1820;;
504;29.05.2017;2;;;1820;;
505;30.05.2017;3;;;1820;;
506;31.05.2017;4;;;1820;;
507;01.06.2017;5;;;1820;;
508;02.06.2017;6;0;20;1820;;
509;03.06.2017;7;;;1800;;
510;04.06.2017;1;;;1800;;
511;05.06.2017;2;;;1800;;
512;06.06.2017;3;0;50;1800;;
513;07.06.2017;4;;;1750;;
514;08.06.2017;5;;;1750;;
515;09.06.2017;6;;;1750;;
516;10.06.2017;7;;;1750;;
517;11.06.2017;1;;;1750;;
518;12.06.2017;2;;;1750;;
519;13.06.2017;3;0;50;1750;;
520;14.06.2017;4;;;1700;;
521;15.06.2017;5;;;1700;;
522;16.06.2017;6;;;1700;;
523;17.06.2017;7;;;1700;;
524;18.06.2017;1;;;1700;;
525;19.06.2017;2;0;130;1700;;
526;20.06.2017;3;0;25;1570;;
527;21.06.2017;4;0;25;1545;;
528;22.06.2017;5;;;1520;;
529;23.06.2017;6;;;1520;;
530;24.06.2017;7;;;1520;;
531;25.06.2017;1;;;1520;;
532;26.06.2017;2;0;15;1520;;
533;27.06.2017;3;0;30;1505;;
534;28.06.2017;4;;;1475;;
535;29.06.2017;5;0;5;1475;;
536;30.06.2017;6;;;1470;;
537;01.07.2017;7;;;1470;;
538;02.07.2017;1;;;1470;;
539;03.07.2017;2;0;25;1470;;
540;04.07.2017;3;0;40;1445;;
541;05.07.2017;4;9000;0;1405;;
542;06.07.2017;5;0;50;10405;;
543;07.07.2017;6;;;10355;;
544;08.07.2017;7;;;10355;;
545;09.07.2017;1;;;10355;;
546;10.07.2017;2;;;10355;;
547;11.07.2017;3;;;10355;;
548;12.07.2017;4;0;25;10355;;
549;13.07.2017;5;0;50;10330;;
550;14.07.2017;6;0;10;10280;;
551;15.07.2017;7;;;10270;;
552;16.07.2017;1;;;10270;;
553;17.07.2017;2;0;50;10270;;
554;18.07.2017;3;0;50;10220;;
555;19.07.2017;4;0;10;10170;;
556;20.07.2017;5;0;150;10160;;
557;21.07.2017;6;0;100;10010;;
558;22.07.2017;7;;;9910;;
559;23.07.2017;1;;;9910;;
560;24.07.2017;2;;;9910;;
561;25.07.2017;3;;;9910;;
562;26.07.2017;4;;;9910;;
563;27.07.2017;5;;;9910;;
564;28.07.2017;6;;;9910;;
565;29.07.2017;7;;;9910;;
566;30.07.2017;1;;;9910;;
567;31.07.2017;2;0;10;9910;;
568;01.08.2017;3;0;10;9900;;
569;02.08.2017;4;0;50;9890;;
570;03.08.2017;5;0;120;9840;;
571;04.08.2017;6;0;10;9720;;
572;05.08.2017;7;;;9710;;
573;06.08.2017;1;;;9710;;
574;07.08.2017;2;0;50;9710;;
575;08.08.2017;3;0;80;9660;;
576;09.08.2017;4;0;5;9580;;
577;10.08.2017;5;;;9575;;
578;11.08.2017;6;;;9575;;
579;12.08.2017;7;;;9575;;
580;13.08.2017;1;;;9575;;
581;14.08.2017;2;0;30;9575;;
582;15.08.2017;3;;;9545;;
583;16.08.2017;4;0;10;9545;;
584;17.08.2017;5;0;55;9535;;
585;18.08.2017;6;;;9480;;
586;19.08.2017;7;;;9480;;
587;20.08.2017;1;;;9480;;
588;21.08.2017;2;;;9480;;
589;22.08.2017;3;0;40;9480;;
590;23.08.2017;4;0;90;9440;;
591;24.08.2017;5;0;10;9350;;
592;25.08.2017;6;0;65;9340;;
593;26.08.2017;7;;;9275;;
594;27.08.2017;1;;;9275;;
595;28.08.2017;2;0;10;9275;;
596;29.08.2017;3;;;9265;;
597;30.08.2017;4;0;125;9265;;
598;31.08.2017;5;;;9140;;
599;01.09.2017;6;0;55;9140;;
600;02.09.2017;7;;;9085;;
601;03.09.2017;1;;;9085;;
602;04.09.2017;2;;;9085;;
603;05.09.2017;3;0;5;9085;;
604;06.09.2017;4;0;30;9080;;
605;07.09.2017;5;;;9050;;
606;08.09.2017;6;0;10;9050;;
607;09.09.2017;7;;;9040;;
608;10.09.2017;1;;;9040;;
609;11.09.2017;2;0;30;9040;;
610;12.09.2017;3;0;40;9010;;
611;13.09.2017;4;;;8970;;
612;14.09.2017;5;0;60;8970;;
613;15.09.2017;6;0;5;8910;;
614;16.09.2017;7;;;8905;;
615;17.09.2017;1;;;8905;;
616;18.09.2017;2;;;8905;;
617;19.09.2017;3;0;15;8905;;
618;20.09.2017;4;0;125;8890;;
619;21.09.2017;5;;;8765;;
620;22.09.2017;6;;;8765;;
621;23.09.2017;7;;;8765;;
622;24.09.2017;1;;;8765;;
623;25.09.2017;2;;;8765;;
624;26.09.2017;3;;;8765;;
625;27.09.2017;4;;;8765;;
626;28.09.2017;5;;;8765;;
627;29.09.2017;6;0;15;8765;;
628;30.09.2017;7;;;8750;;
629;01.10.2017;1;;;8750;;
630;02.10.2017;2;;;8750;;
631;03.10.2017;3;0;65;8750;;
632;04.10.2017;4;0;20;8685;;
633;05.10.2017;5;0;225;8665;;
634;06.10.2017;6;0;20;8440;;
635;07.10.2017;7;;;8420;;
636;08.10.2017;1;;;8420;;
637;09.10.2017;2;;;8420;;
638;10.10.2017;3;;;8420;;
639;11.10.2017;4;;;8420;;
640;12.10.2017;5;0;75;8420;;
641;13.10.2017;6;;;8345;;
642;14.10.2017;7;;;8345;;
643;15.10.2017;1;;;8345;;
644;16.10.2017;2;;;8345;;
645;17.10.2017;3;;;8345;;
646;18.10.2017;4;0;25;8345;;
647;19.10.2017;5;0;20;8320;;
648;20.10.2017;6;0;50;8300;;
649;21.10.2017;7;;;8250;;
650;22.10.2017;1;;;8250;;
651;23.10.2017;2;;;8250;;
652;24.10.2017;3;40;65;8250;;
653;25.10.2017;4;;;8225;;
654;26.10.2017;5;0;20;8225;;
655;27.10.2017;6;;;8205;;
656;28.10.2017;7;;;8205;;
657;29.10.2017;1;;;8205;;
658;30.10.2017;2;0;25;8205;;
659;31.10.2017;3;0;5;8180;;
660;01.11.2017;4;0;15;8175;;
661;02.11.2017;5;;;8160;;
662;03.11.2017;6;;;8160;;
663;04.11.2017;7;;;8160;;
664;05.11.2017;1;;;8160;;
665;06.11.2017;2;;;8160;;
666;07.11.2017;3;;;8160;;
667;08.11.2017;4;0;15;8160;;
668;09.11.2017;5;;;8145;;
669;10.11.2017;6;;;8145;;
670;11.11.2017;7;;;8145;;
671;12.11.2017;1;;;8145;;
672;13.11.2017;2;0;20;8145;;
673;14.11.2017;3;0;40;8125;;
674;15.11.2017;4;0;5;8085;;
675;16.11.2017;5;0;5;8080;;
676;17.11.2017;6;0;55;8075;;
677;18.11.2017;7;;;8020;;
678;19.11.2017;1;;;8020;;
679;20.11.2017;2;0;70;8020;;
680;21.11.2017;3;;;7950;;
681;22.11.2017;4;0;20;7950;;
682;23.11.2017;5;0;10;7930;;
683;24.11.2017;6;;;7920;;
684;25.11.2017;7;;;7920;;
685;26.11.2017;1;;;7920;;
686;27.11.2017;2;;;7920;;
687;28.11.2017;3;;;7920;;
688;29.11.2017;4;0;15;7920;;
689;30.11.2017;5;;;7905;;
690;01.12.2017;6;0;50;7905;;
691;02.12.2017;7;;;7855;;
692;03.12.2017;1;;;7855;;
693;04.12.2017;2;;;7855;;
694;05.12.2017;3;;;7855;;
695;06.12.2017;4;0;50;7855;;
696;07.12.2017;5;0;55;7805;;
697;08.12.2017;6;;;7750;;
698;09.12.2017;7;;;7750;;
699;10.12.2017;1;;;7750;;
700;11.12.2017;2;0;5;7750;;
701;12.12.2017;3;;;7745;;
702;13.12.2017;4;0;10;7745;;
703;14.12.2017;5;;;7735;;
704;15.12.2017;6;0;20;7735;;
705;16.12.2017;7;;;7715;;
706;17.12.2017;1;;;7715;;
707;18.12.2017;2;;;7715;;
708;19.12.2017;3;0;40;7715;;
709;20.12.2017;4;0;5;7675;;
710;21.12.2017;5;0;55;7670;;
711;22.12.2017;6;0;120;7615;;
712;23.12.2017;7;;;7495;;
713;24.12.2017;1;;;7495;;
714;25.12.2017;2;;;7495;;
715;26.12.2017;3;0;20;7495;;
716;27.12.2017;4;0;30;7475;;
717;28.12.2017;5;;;7445;;
718;29.12.2017;6;;;7445;;
719;30.12.2017;7;;;7445;;
720;31.12.2017;1;;;7445;;
721;01.01.2018;2;;;7445;;
722;02.01.2018;3;;;7445;;
723;03.01.2018;4;;;7445;;
724;04.01.2018;5;;;7445;;
725;05.01.2018;6;;;7445;;
726;06.01.2018;7;;;7445;;
727;07.01.2018;1;;;7445;;
728;08.01.2018;2;;;7445;;
729;09.01.2018;3;;;7445;;
730;10.01.2018;4;;;7445;;
731;11.01.2018;5;0;20;7445;;
732;12.01.2018;6;;;7425;;
733;13.01.2018;7;;;7425;;
734;14.01.2018;1;;;7425;;
735;15.01.2018;2;0;5;7425;;
736;16.01.2018;3;;;7420;;
737;17.01.2018;4;0;5;7420;;
738;18.01.2018;5;;;7415;;
739;19.01.2018;6;;;7415;;
740;20.01.2018;7;;;7415;;
741;21.01.2018;1;;;7415;;
742;22.01.2018;2;0;10;7415;;
743;23.01.2018;3;0;25;7405;;
744;24.01.2018;4;0;100;7380;;
745;25.01.2018;5;;;7280;;
746;26.01.2018;6;;;7280;;
747;27.01.2018;7;;;7280;;
748;28.01.2018;1;;;7280;;
749;29.01.2018;2;0;5;7280;;
750;30.01.2018;3;;;7275;;
751;31.01.2018;4;0;5;7275;;
752;01.02.2018;5;;;7270;;
753;02.02.2018;6;;;7270;;
754;03.02.2018;7;;;7270;;
755;04.02.2018;1;;;7270;;
756;05.02.2018;2;0;5;7270;;
757;06.02.2018;3;0;25;7265;;
758;07.02.2018;4;0;135;7240;;
759;08.02.2018;5;0;5;7105;;
760;09.02.2018;6;0;145;7100;;
761;10.02.2018;7;;;6955;;
762;11.02.2018;1;;;6955;;
763;12.02.2018;2;0;5;6955;;
764;13.02.2018;3;0;185;6950;;
765;14.02.2018;4;;;6765;;
766;15.02.2018;5;0;60;6765;;
767;16.02.2018;6;0;100;6705;;
768;17.02.2018;7;;;6605;;
769;18.02.2018;1;;;6605;;
770;19.02.2018;2;0;85;6605;;
771;20.02.2018;3;0;50;6520;;
772;21.02.2018;4;0;50;6470;;
773;22.02.2018;5;0;115;6420;;
774;23.02.2018;6;;;6305;;
775;24.02.2018;7;;;6305;;
776;25.02.2018;1;;;6305;;
777;26.02.2018;2;0;25;6305;;
778;27.02.2018;3;;;6280;;
779;28.02.2018;4;0;5;6280;;
780;01.03.2018;5;0;65;6275;;
781;02.03.2018;6;0;40;6210;;
782;03.03.2018;7;;;6170;;
783;04.03.2018;1;;;6170;;
784;05.03.2018;2;0;20;6170;;
785;06.03.2018;3;0;20;6150;;
786;07.03.2018;4;;;6130;;
787;08.03.2018;5;;;6130;;
788;09.03.2018;6;;;6130;;
789;10.03.2018;7;;;6130;;
790;11.03.2018;1;;;6130;;
791;12.03.2018;2;0;5;6130;;
792;13.03.2018;3;0;15;6125;;
793;14.03.2018;4;;;6110;;
794;15.03.2018;5;0;10;6110;;
795;16.03.2018;6;0;30;6100;;
796;17.03.2018;7;;;6070;;
797;18.03.2018;1;;;6070;;
798;19.03.2018;2;;;6070;;
799;20.03.2018;3;;;6070;;
800;21.03.2018;4;0;50;6070;;
801;22.03.2018;5;;;6020;;
802;23.03.2018;6;0;10;6020;;
803;24.03.2018;7;;;6010;;
804;25.03.2018;1;;;6010;;
805;26.03.2018;2;;;6010;;
806;27.03.2018;3;0;10;6010;;
807;28.03.2018;4;0;55;6000;;
808;29.03.2018;5;0;30;5945;;
809;30.03.2018;6;;;5915;;
810;31.03.2018;7;;;5915;;
811;01.04.2018;1;;;5915;;
812;02.04.2018;2;0;60;5915;;
813;03.04.2018;3;0;30;5855;;
814;04.04.2018;4;0;30;5825;;
815;05.04.2018;5;;;5795;;
816;06.04.2018;6;0;90;5795;;
817;07.04.2018;7;;;5705;;
818;08.04.2018;1;;;5705;;
819;09.04.2018;2;0;50;5705;;
820;10.04.2018;3;;;5655;;
821;11.04.2018;4;0;15;5655;;
822;12.04.2018;5;0;65;5640;;
823;13.04.2018;6;;;5575;;
824;14.04.2018;7;;;5575;;
825;15.04.2018;1;;;5575;;
826;16.04.2018;2;0;260;5575;;
827;17.04.2018;3;;;5315;;
828;18.04.2018;4;;;5315;;
829;19.04.2018;5;0;20;5315;;
830;20.04.2018;6;;;5295;;
831;21.04.2018;7;;;5295;;
832;22.04.2018;1;;;5295;;
833;23.04.2018;2;;;5295;;
834;24.04.2018;3;;;5295;;
835;25.04.2018;4;;;5295;;
836;26.04.2018;5;;;5295;;
837;27.04.2018;6;;;5295;;
838;28.04.2018;7;0;125;5295;;
839;29.04.2018;1;;;5170;;
840;30.04.2018;2;;;5170;;
841;01.05.2018;3;;;5170;;
842;02.05.2018;4;;;5170;;
843;03.05.2018;5;;;5170;;
844;04.05.2018;6;;;5170;;
845;05.05.2018;7;;;5170;;
846;06.05.2018;1;;;5170;;
847;07.05.2018;2;;;5170;;
848;08.05.2018;3;0;5;5170;;
849;09.05.2018;4;;;5165;;
850;10.05.2018;5;0;30;5165;;
851;11.05.2018;6;0;15;5135;;
852;12.05.2018;7;;;5120;;
853;13.05.2018;1;;;5120;;
854;14.05.2018;2;0;45;5120;;
855;15.05.2018;3;;;5075;;
856;16.05.2018;4;0;50;5075;;
857;17.05.2018;5;0;60;5025;;
858;18.05.2018;6;0;5;4965;;
859;19.05.2018;7;;;4960;;
860;20.05.2018;1;;;4960;;
861;21.05.2018;2;;;4960;;
862;22.05.2018;3;0;50;4960;;
863;23.05.2018;4;0;5;4910;;
864;24.05.2018;5;0;5;4905;;
865;25.05.2018;6;;;4900;;
866;26.05.2018;7;;;4900;;
867;27.05.2018;1;;;4900;;
868;28.05.2018;2;;;4900;;
869;29.05.2018;3;0;10;4900;;
870;30.05.2018;4;0;50;4890;;
871;31.05.2018;5;0;175;4840;;
872;01.06.2018;6;;;4665;;
873;02.06.2018;7;;;4665;;
874;03.06.2018;1;;;4665;;
875;04.06.2018;2;0;35;4665;;
876;05.06.2018;3;0;20;4630;;
877;06.06.2018;4;;;4610;;
878;07.06.2018;5;0;20;4610;;
879;08.06.2018;6;0;5;4590;;
880;09.06.2018;7;0;5;4585;;
881;10.06.2018;1;;;4580;;
882;11.06.2018;2;;;4580;;
883;12.06.2018;3;;;4580;;
884;13.06.2018;4;0;35;4580;;
885;14.06.2018;5;;;4545;;
886;15.06.2018;6;;;4545;;
887;16.06.2018;7;;;4545;;
888;17.06.2018;1;;;4545;;
889;18.06.2018;2;0;30;4545;;
890;19.06.2018;3;0;35;4515;;
891;20.06.2018;4;0;15;4480;;
892;21.06.2018;5;0;65;4465;;
893;22.06.2018;6;;;4400;;
894;23.06.2018;7;;;4400;;
895;24.06.2018;1;;;4400;;
896;25.06.2018;2;;;4400;;
897;26.06.2018;3;;;4400;;
898;27.06.2018;4;;;4400;;
899;28.06.2018;5;0;10;4400;;
900;29.06.2018;6;0;65;4390;;
901;30.06.2018;7;;;4325;;
902;01.07.2018;1;;;4325;;
903;02.07.2018;2;0;90;4325;;
904;03.07.2018;3;;;4235;;
905;04.07.2018;4;0;70;4235;;
906;05.07.2018;5;;;4165;;
907;06.07.2018;6;0;10;4165;;
908;07.07.2018;7;;;4155;;
909;08.07.2018;1;;;4155;;
910;09.07.2018;2;0;55;4155;;
911;10.07.2018;3;;;4100;;
912;11.07.2018;4;0;10;4100;;
913;12.07.2018;5;0;210;4090;;
914;13.07.2018;6;0;35;3880;;
915;14.07.2018;7;;;3845;;
916;15.07.2018;1;;;3845;;
917;16.07.2018;2;0;30;3845;;
918;17.07.2018;3;;;3815;;
919;18.07.2018;4;;;3815;;
920;19.07.2018;5;;;3815;;
921;20.07.2018;6;;;3815;;
922;21.07.2018;7;;;3815;;
923;22.07.2018;1;;;3815;;
924;23.07.2018;2;0;35;3815;;
925;24.07.2018;3;0;10;3780;;
926;25.07.2018;4;0;20;3770;;
927;26.07.2018;5;;;3750;;
928;27.07.2018;6;;;3750;;
929;28.07.2018;7;;;3750;;
930;29.07.2018;1;;;3750;;
931;30.07.2018;2;0;40;3750;;
932;31.07.2018;3;;;3710;;
933;01.08.2018;4;;;3710;;
934;02.08.2018;5;;;3710;;
935;03.08.2018;6;0;180;3710;;
936;04.08.2018;7;;;3530;;
937;05.08.2018;1;;;3530;;
938;06.08.2018;2;;;3530;;
939;07.08.2018;3;0;10;3530;;
940;08.08.2018;4;;;3520;;
941;09.08.2018;5;;;3520;;
942;10.08.2018;6;0;45;3520;;
943;11.08.2018;7;;;3475;;
944;12.08.2018;1;;;3475;;
945;13.08.2018;2;;;3475;;
946;14.08.2018;3;;;3475;;
947;15.08.2018;4;0;20;3475;;
948;16.08.2018;5;;;3455;;
949;17.08.2018;6;0;25;3455;;
950;18.08.2018;7;;;3430;;
951;19.08.2018;1;;;3430;;
952;20.08.2018;2;;;3430;;
953;21.08.2018;3;;;3430;;
954;22.08.2018;4;;;3430;;
955;23.08.2018;5;;;3430;;
956;24.08.2018;6;;;3430;;
957;25.08.2018;7;;;3430;;
958;26.08.2018;1;;;3430;;
959;27.08.2018;2;0;20;3430;;
960;28.08.2018;3;0;20;3410;;
961;29.08.2018;4;0;5;3390;;
962;30.08.2018;5;;;3385;;
963;31.08.2018;6;;;3385;;
964;01.09.2018;7;;;3385;;
965;02.09.2018;1;;;3385;;
966;03.09.2018;2;;;3385;;
967;04.09.2018;3;;;3385;;
968;05.09.2018;4;0;15;3385;;
969;06.09.2018;5;;;3370;;
970;07.09.2018;6;0;160;3370;;
971;08.09.2018;7;;;3210;;
972;09.09.2018;1;;;3210;;
973;10.09.2018;2;0;30;3210;;
974;11.09.2018;3;;;3180;;
975;12.09.2018;4;;;3180;;
976;13.09.2018;5;0;5;3180;;
977;14.09.2018;6;;;3175;;
978;15.09.2018;7;;;3175;;
979;16.09.2018;1;;;3175;;
980;17.09.2018;2;;;3175;;
981;18.09.2018;3;;;3175;;
982;19.09.2018;4;0;20;3175;;
983;20.09.2018;5;0;60;3155;;
984;21.09.2018;6;0;50;3095;;
985;22.09.2018;7;;;3045;;
986;23.09.2018;1;;;3045;;
987;24.09.2018;2;;;3045;;
988;25.09.2018;3;;;3045;;
989;26.09.2018;4;;;3045;;
990;27.09.2018;5;;;3045;;
991;28.09.2018;6;0;15;3045;;
992;29.09.2018;7;;;3030;;
993;30.09.2018;1;;;3030;;
994;01.10.2018;2;0;75;3030;;
995;02.10.2018;3;;;2955;;
996;03.10.2018;4;0;115;2955;;
997;04.10.2018;5;;;2840;;
998;05.10.2018;6;;;2840;;
999;06.10.2018;7;;;2840;;
1000;07.10.2018;1;;;2840;;
1001;08.10.2018;2;0;95;2840;;
1002;09.10.2018;3;0;30;2745;;
1003;10.10.2018;4;0;155;2715;;
1004;11.10.2018;5;0;20;2560;;
1005;12.10.2018;6;0;30;2540;;
1006;13.10.2018;7;;;2510;;
1007;14.10.2018;1;;;2510;;
1008;15.10.2018;2;;;2510;;
1009;16.10.2018;3;0;25;2510;;
1010;17.10.2018;4;;;2485;;
1011;18.10.2018;5;0;5;2485;;
1012;19.10.2018;6;0;5;2480;;
1013;20.10.2018;7;;;2475;;
1014;21.10.2018;1;;;2475;;
1015;22.10.2018;2;0;40;2475;;
1016;23.10.2018;3;;;2435;;
1017;24.10.2018;4;;;2435;;
1018;25.10.2018;5;;;2435;;
1019;26.10.2018;6;;;2435;;
1020;27.10.2018;7;;;2435;;
1021;28.10.2018;1;;;2435;;
1022;29.10.2018;2;0;40;2435;;
1023;30.10.2018;3;;;2395;;
1024;31.10.2018;4;;;2395;;
1025;01.11.2018;5;;;2395;;
1026;02.11.2018;6;;;2395;;
1027;03.11.2018;7;;;2395;;
1028;04.11.2018;1;;;2395;;
1029;05.11.2018;2;;;2395;;
1030;06.11.2018;3;;;2395;;
1031;07.11.2018;4;0;15;2395;;
1032;08.11.2018;5;0;165;2380;;
1033;09.11.2018;6;0;5;2215;;
1034;10.11.2018;7;;;2210;;
1035;11.11.2018;1;;;2210;;
1036;12.11.2018;2;;;2210;;
1037;13.11.2018;3;0;5;2210;;
1038;14.11.2018;4;0;25;2205;;
1039;15.11.2018;5;0;45;2180;;
1040;16.11.2018;6;;;2135;;
1041;17.11.2018;7;;;2135;;
1042;18.11.2018;1;;;2135;;
1043;19.11.2018;2;;;2135;;
1044;20.11.2018;3;;;2135;;
1045;21.11.2018;4;0;15;2135;;
1046;22.11.2018;5;;;2120;;
1047;23.11.2018;6;;;2120;;
1048;24.11.2018;7;;;2120;;
1049;25.11.2018;1;;;2120;;
1050;26.11.2018;2;;;2120;;
1051;27.11.2018;3;;;2120;;
1052;28.11.2018;4;;;2120;;
1053;29.11.2018;5;0;70;2120;;
1054;30.11.2018;6;0;80;2050;;
1055;01.12.2018;7;;;1970;;
1056;02.12.2018;1;;;1970;;
1057;03.12.2018;2;0;5;1970;;
1058;04.12.2018;3;0;10;1965;;
1059;05.12.2018;4;;;1955;;
1060;06.12.2018;5;0;85;1955;;
1061;07.12.2018;6;;;1870;;
1062;08.12.2018;7;;;1870;;
1063;09.12.2018;1;;;1870;;
1064;10.12.2018;2;0;5;1870;;
1065;11.12.2018;3;0;5;1865;;
1066;12.12.2018;4;;;1860;;
1067;13.12.2018;5;;;1860;;
1068;14.12.2018;6;0;10;1860;;
1069;15.12.2018;7;;;1850;;
1070;16.12.2018;1;;;1850;;
1071;17.12.2018;2;0;25;1850;;
1072;18.12.2018;3;0;40;1825;;
1073;19.12.2018;4;;;1785;;
1074;20.12.2018;5;;;1785;;
1075;21.12.2018;6;0;45;1785;;
1076;22.12.2018;7;;;1740;;
1077;23.12.2018;1;;;1740;;
1078;24.12.2018;2;0;20;1740;;
1079;25.12.2018;3;;;1720;;
;Склад;;;;1720;;
